{"cameraMode":{"drawMode":0,"name":"Shaded","section":"Shading Mode"},"sceneLighting":true,"audioPlay":false,"sceneViewState":{"m_AlwaysRefresh":false,"showFog":true,"showSkybox":true,"showFlares":true,"showImageEffects":true,"showParticleSystems":true,"showVisualEffectGraphs":true,"m_FxEnabled":true},"in2DMode":false,"pivot":{"x":2.2048540115356447,"y":-1.719416618347168,"z":116.88543701171875},"rotation":{"x":0.1551540046930313,"y":0.15724100172519685,"z":-0.025080259889364244,"w":0.9750517010688782},"size":13.383809089660645,"orthographic":false}